{
	"miniprogramRoot": "miniprogram/",
	"cloudfunctionRoot": "cloudfunctions/",
	"setting": {
		"urlCheck": false,
		"es6": true,
		"enhance": true,
		"postcss": true,
		"preloadBackgroundData": false,
		"minified": true,
		"newFeature": true,
		"coverView": true,
		"nodeModules": false,
		"autoAudits": false,
		"showShadowRootInWxmlPanel": true,
		"scopeDataCheck": false,
		"uglifyFileName": true,
		"checkInvalidKey": true,
		"checkSiteMap": true,
		"uploadWithSourceMap": true,
		"compileHotReLoad": false,
		"lazyloadPlaceholderEnable": false,
		"useMultiFrameRuntime": true,
		"useApiHook": true,
		"useApiHostProcess": true,
		"babelSetting": {
			"ignore": [],
			"disablePlugins": [],
			"outputPath": ""
		},
		"useIsolateContext": true,
		"userConfirmedUseIsolateContext": true,
		"userConfirmedBundleSwitch": false,
		"packNpmManually": false,
		"packNpmRelationList": [],
		"minifyWXSS": true,
		"disableUseStrict": false,
		"minifyWXML": true,
		"showES6CompileOption": false,
		"useCompilerPlugins": false,
		"ignoreUploadUnusedFiles": true,
		"useStaticServer": true,
		"skylineRenderEnable": false,
		"condition": false
	},
	"appid": "wxccdf08c6ab7db596",
	"projectname": "Multi多功能平台",
	"libVersion": "2.30.2",
	"simulatorType": "wechat",
	"simulatorPluginLibVersion": {},
	"cloudfunctionTemplateRoot": "cloudfunctionTemplate/",
	"compileType": "miniprogram",
	"srcMiniprogramRoot": "miniprogram/",
	"packOptions": {
		"ignore": [],
		"include": []
	},
	"editorSetting": {
		"tabIndent": "tab",
		"tabSize": 4
	},
	"description": "项目配置文件，详见文档：https://developers.weixin.qq.com/miniprogram/dev/devtools/projectconfig.html",
	"condition": {}
}