{
	"setting": {
		"compileHotReLoad": true,
		"urlCheck": false
	},
	"description": "项目私有配置文件。此文件中的内容将覆盖 project.config.json 中的相同字段。项目的改动优先同步到此文件中。详见文档：https://developers.weixin.qq.com/miniprogram/dev/devtools/projectconfig.html",
	"projectname": "WeYu",
	"condition": {
		"miniprogram": {
			"list": [
				{
					"name": "",
					"pathName": "projects/activityyu/pages/activity/detail/activity_detail",
					"query": "id=aeff410b654b8bd601cf72491afe5a4d",
					"launchMode": "default",
					"scene": null
				},
				{
					"name": "",
					"pathName": "projects/activityyu/pages/admin/activity/add/admin_activity_add",
					"query": "",
					"launchMode": "default",
					"scene": null
				},
				{
					"name": "",
					"pathName": "projects/activityyu/pages/my/index/my_index",
					"query": "",
					"launchMode": "default",
					"scene": null
				},
				{
					"name": "",
					"pathName": "projects/activityyu/pages/default/index/default_index",
					"query": "",
					"launchMode": "default",
					"scene": null
				},
				{
					"name": "",
					"pathName": "projects/activityyu/pages/admin/index/home_leader/admin_home",
					"query": "",
					"launchMode": "default",
					"scene": null
				},
				{
					"name": "",
					"pathName": "projects/activityyu/pages/admin/activity/list/admin_activity_list",
					"query": "",
					"launchMode": "default",
					"scene": null
				},
				{
					"name": "",
					"pathName": "projects/activityyu/pages/admin/activity/list/admin_activity_list",
					"query": "",
					"launchMode": "default",
					"scene": null
				},
				{
					"name": "",
					"pathName": "projects/activityyu/pages/admin/activity/edit/admin_activity_edit",
					"query": "id=aeff410b654b8bd601cf72491afe5a4d",
					"launchMode": "default",
					"scene": null
				},
				{
					"name": "",
					"pathName": "projects/activityyu/pages/admin/activity/score/admin_activity_edit",
					"query": "id=aeff410b654b8bd601cf72491afe5a4d&activityId=aeff410b654b8bd601cf72491afe5a4d&title=%25E6%25B4%25BB%25E5%258A%25A81",
					"launchMode": "default",
					"scene": null
				},
				{
					"name": "",
					"pathName": "projects/activityyu/pages/admin/activity/join_list/admin_activity_join_list",
					"query": "id=aeff410b654b8bd601cf72491afe5a4d",
					"launchMode": "default",
					"scene": null
				},
				{
					"name": "",
					"pathName": "projects/activityyu/pages/admin/activity/join_list/admin_activity_join_list",
					"query": "id=aeff410b654b8bd601cf72491afe5a4d&activityId=aeff410b654b8bd601cf72491afe5a4d&title=%25E6%25B4%25BB%25E5%258A%25A81",
					"launchMode": "default",
					"scene": null
				}
			]
		}
	},
	"libVersion": "2.30.4"
}